{
    "akro":[-149.900278,61.218056],
	"alag":[-156.111726,59.051902],
	"ania":[-157.811226,56.871803],
	"bela":[-164.394389,65.953676],
	"cakr":[-163.498541,67.410013],
	"dena":[-151.069435,63.284056],
	"gaar":[-153.317988,67.751604],
	"glba":[-136.833222,58.797505],
	"katm":[-155.015705,58.617416],
	"kefj":[-150.112386,59.814865],
	"klgo":[-135.261942,59.610246],
	"kova":[-159.196343,67.352411],
	"lacl":[-153.559329,60.562326],
	"noat":[-159.835189,68.009625],
	"sitk":[-135.315687,57.047181],
	"wear":[-161.796596,66.517076],
	"wrst":[-142.548913,61.379505],
	"yuch":[-142.803258,65.089491],
	"yuga":[-147.716389,64.837778]
}